{"cameraMode":{"drawMode":0,"name":"Shaded","section":"Shading Mode"},"sceneLighting":false,"audioPlay":false,"sceneViewState":{"showFog":true,"showMaterialUpdate":false,"showSkybox":false,"showFlares":true,"showImageEffects":true,"showParticleSystems":true},"in2DMode":false,"pivot":{"x":539.990234375,"y":1079.9981689453125,"z":-0.7699999809265137},"rotation":{"x":0.03146826848387718,"y":-0.04106973856687546,"z":0.0012943887850269676,"w":0.9986626505851746},"size":1.230808138847351,"orthographic":true}